AAPL,ALTR,GOOG,KLAC,MSFT,WDC
-0.012691597320536152,-0.020096339350420878,-0.00453552851707506,-0.008848758040682969,-0.017147095547050073,0.025633284295216052
-0.02659988236212174,-0.045792976884832304,-0.04682983111591976,-0.024348391238700584,-0.03838790464706432,-0.008281649885271358
-0.016693335236175,0.012071245269253073,-0.0007446853322041758,0.02728528605025904,-0.007901890010166723,-0.03459588099145272
0.0009883614473564784,-0.017890957919034056,-0.003973024919069701,-0.03542177019886694,0.0005097606079402794,0.016836638913378055
0.00011618907285648739,-0.008441939027891698,0.011455855601801845,0.004365468106382497,0.0007323285648079825,-0.0044053001285280224
0.016783781570778755,0.024197204188589172,0.010416792837726785,0.01643057384167057,0.0022592738647575494,0.007323706451541234
0.0025702361408266317,-0.007000194823827965,0.011644923975503207,0.019383943713598084,0.010445037502670562,0.007876466205721133
-0.019028065636177538,-0.04464669481030825,-0.017769388766162075,-0.02853449219384152,-0.04232256161646608,-0.0004508382759861318
0.005110661887074208,-0.013066964852243124,0.004711403891758392,0.05580333206937027,0.017716616241239436,0.0019545519356878316
-0.018894112983626976,-0.05046725884397796,-0.02500958405632192,-0.07195503149139748,-0.024339194111662077,-0.03781507602261247
-0.021024777738847034,-0.016404199721432033,-0.004684875638355623,-0.04792001554181036,0.0022467956038150216,-0.03399881513556635
-0.010347117036099251,0.00033356334337986127,-0.015816152121761684,-0.025204108956422888,-0.005703295240603756,-0.03261221347351839
-0.01276512622240289,-0.010503519055074406,-0.0255755712166732,-0.026742851264467404,-0.018468193672075084,-0.03521356575654644
-0.00486428500159064,0.029991619877973497,0.002152313666816452,0.04844116393681741,0.0011485198773524274,-0.01366547131570095
-0.011384707297859231,-0.056927850178812744,-0.027893241373918465,-0.05366919055070929,-0.026588403052396292,-0.03384777779167836
-0.0005632515870458432,0.009540316088520129,0.019761700872439114,0.028342982267794747,0.028493193867922484,-0.009257548014532824
-0.0029432100539642514,-0.007903764234408306,-0.0009207930272390197,-0.04939573833173727,0.010549037689842722,-0.013558110180306948
0.06977766942076213,0.03533074197313124,0.03228369309935131,0.013405213563166152,0.0280816886691988,-0.07317976626193612
0.026125737688043937,0.05252591926676131,0.01807341532210649,0.061693701060237194,0.008823723916609127,0.03687374942531085
-0.0009726408635577499,-0.013668099502246234,0.016064972348902362,-0.0031854246907573325,-0.007138726420588881,0.016041708338460525
0.007044245594408194,-0.010312652113816156,0.07367359801151063,0.019147985205152374,0.015222119253788025,0.016549342532532263
-0.016719759455390393,-0.03158578125275602,-0.0363829300371481,-0.055075100515625586,-0.03895231221821793,-0.021519418801161372
-0.0029496502304173777,0.021015467545731692,0.0025622696013785085,0.009901552878271325,0.015568472834543545,-0.009179566529588512
-0.004234559603942367,0.004445915689096802,-0.028514311302285766,-0.004716727850617386,-0.016310355607487725,0.0007719957492744456
0.018466725511581794,0.01672131897973239,0.001979256139268859,0.025612340151390356,0.011995298903922702,0.010028938728382286
0.008293753549481586,0.025314409597487986,0.01609049107778482,0.038705164879450304,0.021834758175045543,0.04029025498159622
-0.02359884099680365,-0.015568511968725107,-0.020151637536967693,-0.026041569741279802,-0.028373081889114693,-0.007158579165296941
-0.020218427993619836,-0.03226831776843375,-0.032268455619245184,-0.05255184859973172,-0.02427407969893791,-0.006655585308485867
0.0014231824835904128,-0.0006602990148283361,0.008722866818408948,-0.011022959139606492,-0.0001356037952926492,-0.01619205172709659
0.023152465006342826,0.020647505469055805,0.008318577344070821,0.06117865076637008,0.0185423770193327,0.05694283554252855
-0.0013889128057177347,0.008091924139692841,0.007784442121505641,-0.0047742092993952046,-0.0032282797509314287,0.009307328936906556
-0.021269186346200564,-0.02729171195943403,-0.0376688843679307,-0.05082330199330076,-0.02928210021259392,0.001064042807952692
-0.009355766137921773,-0.03135833505684116,-0.01391447554310532,-0.02117197174825003,-0.009630991658025057,-0.016297643422647723
-0.017812287347162448,-0.0015334836376522665,-0.008162971248554696,-0.007144844113343818,-0.0007293142792337282,-0.03799749066694069
-0.02586416632525068,-0.003071677642709769,-0.014045302871686483,-0.03362003649687639,-0.025893271845625065,-0.02695617139773887
0.01668019020913314,0.05494698732935399,0.03988316325337693,0.041043737038928496,0.05109361646109112,-0.0028856812716929747
0.012965469700934706,0.05338304468296018,0.013913919555049059,-0.0006706550675600331,0.009233175785043679,0.021609085323506694
0.0016377858882354879,0.0231053610953047,0.002761724027237289,-0.025583654557904678,0.004978006116449052,-0.037960379740679784
-0.011627896231359958,0.006925611218816963,-0.005359936300206258,-0.03360112325703912,-0.012851823113466998,-0.028464801478850443
0.02058823941900667,0.005831330826325809,0.0043489960119798,0.027554257976329044,0.01776568915920884,0.047484307828253414
-0.001981279033932526,-0.018581835325969798,-0.0032912191654151934,-0.010229168867573635,-0.014224287880824193,0.00347222809888037
-0.01840821534766368,-0.014086645750737925,-0.01627605697744683,-0.030449866326895392,-0.02047860165311788,-0.0336409070472975
-0.02371756548762427,-0.009217982914093592,-0.04282022560539067,-0.05408006963263945,-0.03777679653220234,-0.07280683934919008
-0.011676086470301161,-0.031167597892919452,0.006436612551132148,0.024447674023241328,-0.010971272160968604,-0.01802188675366234
0.034997423916368176,0.038892511806604135,0.05175653169688643,0.05512395075083942,0.045858233157831885,0.04369674415549962
-0.027186209013482565,-0.027268589933760246,-0.008844594611538414,-0.031717484659875006,-0.010086667806271654,-0.024701701776601248
-0.02390870831928371,-0.03310104803280278,-0.016630080474289488,-0.016788890744214413,-0.019328369636382514,-0.027688364698485346
-0.026562403695717718,-0.026863217201366862,-0.028622210537862847,-0.010115349784398209,-0.012961062548230262,-0.01832225232530227
0.029677342754030223,0.0018515504230616209,0.02303524470816498,0.04131250381469731,0.03874255303317842,0.03305593356542347
0.02901541109199557,0.02486558351568835,0.031081158528971864,0.05311809657940647,0.0252133759562716,0.05028300919338746
0.006454030972694147,0.02655735953909444,0.006806679327300946,0.004815832267076381,0.002819343493211779,0.012642499696405407
0.020918943546848645,0.024433130311267037,0.016352124398804735,0.035279779241087494,0.017647826819102264,0.009005293107093415
0.008537682593916074,-0.019329721729882787,-0.0023610709723345114,-0.02402407699475284,-0.004227237774633297,-0.007099360639705399
0.0208005946295855,0.025910047243185463,0.027835856647647095,0.013332210666539446,0.016379174476875313,0.01593460198446861
0.008233617636201895,-0.02029751091893539,-0.012646376799613113,-0.034069157229474234,-0.01502995251237571,-0.02111400053741741
0.02267787120671727,0.009647329033176666,0.020277482616711584,0.04920713194019344,0.01539288797442917,0.03738701075214901
0.003734094727035453,-0.022556369412079502,0.0014825575964987348,0.00150315059430417,-0.001381168757988771,0.006138641055267735
0.005036657947940837,0.02564100056083385,0.0030277895271173527,0.024315040941890853,0.023116503228926222,-0.0021649401176632166
0.019134399166084615,0.04015624523162842,0.009158175975388039,0.02392428486140341,0.01515928957202517,0.02347137295466961
-0.006649544014093012,-0.02057988212201456,-0.004226870977857788,-0.027346237908164595,-0.004914296606163937,-0.024474859755288847
-0.017775797863323284,-0.012269869015459345,-0.020996218584028226,-0.020758679614744757,-0.017683005327206902,-0.019162335568420397
-0.0017181321270783867,-0.00931680550624292,0.007522341940129351,-0.01581710261579483,0.0036003239529385223,-0.025377685750396672
0.023693448113463633,0.01551726787312746,0.020913325846730002,0.018819216104729586,0.017936744722768072,0.019632171418102473
-0.018941968373500706,-0.0279364307410781,-0.017957764993883907,-0.058656857363637016,-0.012985352008252793,-0.02472641299007239
-0.018450792714411857,-0.01762465256302781,-0.02755512479846567,-0.003675587676699177,-0.036605779413514394,-0.005403124008818816
0.0018040944846089424,-0.007596531665101547,-0.005183111927230866,0.025649924683414982,0.006243723262729484,-0.002089475293419296
-0.01190892912179875,-0.036319272011641424,-0.017986284812101072,-0.03361843086158056,-0.01459997334762353,-0.011725242426176341
-0.025515882364234077,-0.001183026820862021,-0.031445331358499695,-0.028545442625636963,-0.039431563480970766,-0.003813565725980128
0.01152340067637625,0.008967895222979028,-0.010955589258509812,-0.0036805780800984733,-0.011217878768427614,0.010208412113213328
0.016342539511671417,0.016099263244621742,0.014890021586442481,0.018985583690149577,0.01971210950407376,0.007578960217927699
-0.02998826756681583,-0.0460472175029063,-0.023279533000414743,-0.04469267359548357,-0.02708437757169113,-0.031759307111979274
-0.0013309091345490298,-0.004325259572662832,0.00556372103034275,0.019876769666811844,0.0024657916396249036,0.02028482139865706
0.014115141872437453,0.02033018243533058,0.020084301886036382,0.03034743146738661,0.017039779575436675,0.03532153186885956
-0.0010155207595194948,-0.006641678840955678,-0.017509305065883662,0.023000381401965697,0.0037153789132404746,0.011235939294958142
-0.004843614060203949,-0.03497344165076388,-0.02579426718179134,-0.02777859951168693,-0.019381156854562098,0.014949528857915118
-0.02782120498590701,-0.013856858790332383,-0.04260931735398954,-0.03485220332578853,-0.024144435163431677,-0.015525528820363399
0.006737200333224225,0.013330962004006075,0.030397793194381517,0.021370398118502942,0.024413394413778544,0.031338440472133966
-0.03732810442527357,-0.03484442816840283,-0.03037730868883115,-0.04966632080507216,-0.037403818589131665,-0.028033651000432647
-0.001466809458308127,-0.011051801044393739,-0.037533652240918425,6.350556948686581e-05,0.048108948047047795,0.009479576213155205
0.04515546870218534,0.026448165765759146,0.03817579330068854,0.05711929301751639,0.0226325952774582,0.05114887936692325
-0.036604775821961866,-0.014334982884739,-0.03722421819653876,-0.04056977883102164,-0.041812021078549755,0.008743567366204186
0.0019664626031408172,0.023564042461120316,0.019053362195447843,0.02311597023451295,0.025043285104370927,0.016016553212906626
0.009622619328101267,-0.004856054864679105,0.008300858517731324,0.022532405772403674,-0.009456190212897897,0.14465881521951074
0.0410083315784322,0.012289833146126083,0.0376323911887968,0.046047918810815824,0.029100760318527374,0.01847050173527931
-0.05571617733980727,-0.04052841833765419,-0.047550471021371,-0.045738195554974825,-0.04355474310057872,-0.026567005527002308
0.0032531383104996703,-0.04037964115866566,-0.009306441421450762,-0.006148733744744006,-0.009446529870309917,-0.028435984684105464
-0.03318922470255159,-0.038588285350896645,-0.02227221119451006,-0.037664133865835225,-0.03694545192795706,-0.04911693769839076
0.01611204121779708,0.03206930776865602,0.01326892880423669,0.013641942390713035,0.01859556155956854,0.014682502193130498
-0.05184127106082803,-0.02071521587892211,-0.005441439473940046,-0.03585791811805816,-0.03320969279046848,-0.028068350648884244
-0.026894214617107504,0.014567941196263368,-0.0070199053417076,0.012739470392769237,-0.019957712274333295,-0.003587457631200941
0.03191640803646689,0.04386309078566786,0.029643602695452742,0.0659696036805204,0.02259639269925362,0.052205248707621
-0.010672335787539122,-0.015451285086481525,-0.014787728065626338,-0.017478166126033923,0.0014552883345526624,-0.009580861693437082
0.02542264929033622,-0.0011483516419332762,0.016629976054232776,0.06344164300417265,0.020344196268522907,0.05700465143985878
-0.056419176219683176,-0.02241805326177093,-0.03685041721530158,-0.050240400476460056,-0.047747564438387124,-0.034155911088313395
-0.024641393553644142,0.02293214736275595,-0.014728537156721067,0.013988266661011384,-0.003699631748394272,-0.0184433194708995
0.0017472895792529641,-0.0030657185595369674,-0.012935018890666394,-0.008980202428226391,-0.002291229487450197,-0.020686036596500812
0.04011922682885327,0.0051893227772110695,0.021529851532753552,0.016990525523994382,0.03203197820752979,0.00932932171246259
-0.019215987619813357,-0.010325065457069682,-0.051407485376648854,-0.03250482612100092,-0.003951654722485598,-0.012905505345266355
0.0011399519906925004,0.013717212561704217,-0.0008166273922526335,0.023902616668095122,0.011170148490201592,0.04416961249818874
0.02319950475175747,0.012006808438368877,0.023209644626690284,0.04526891323637372,0.012875228646442194,0.026734380234316735
0.04075671623385313,0.037476492196824696,0.04158053926666194,0.050922753330323145,0.027604349403438144,0.025873429250630853
-0.005346184543042365,-0.002359794295791584,0.010992985967809732,-0.017291952218416062,-0.005013889496967017,-0.02506026302475528
-0.0008733514325567349,-0.018013061867921842,0.0008593513753636373,-0.02154314303865068,0.0020230930975291272,-0.006755641072492491
0.016811242600575316,0.04613670200945563,0.03161990526174008,0.04140171764926337,0.007928834292874942,0.027372288641213327
-0.03855566147871903,-0.025858999435835583,-0.027024265343735476,-0.02509612622852808,-0.016607173798493968,-0.02987241183602063
0.005227641225136415,-0.0010909340598366235,0.021354832166177617,8.276895236392079e-05,-0.004703314811288162,-0.005992020628825645
0.017585926747997416,0.006188572280426019,0.0018716420635334075,0.013104532744787845,0.013953488372093092,0.010046859709592404
-0.005043372780172639,-0.01284368849766615,7.250005775927271e-05,-0.015630930274206922,-0.007669711331708684,-0.0414456235518601
-0.0359557115626985,0.010445294081214307,-0.019788803249433107,-0.03292028342477993,-0.020783236718601383,-0.021445829649157422
-0.038628677302390724,-0.058034109509623955,-0.030373844185028087,-0.045540315583441626,-0.044563626537879486,-0.04506898142866811
-0.03828483784046022,-0.03812090093545284,-0.040842655182035004,-0.0592818994251636,-0.04241278609173382,-0.06792519437093858
0.006672653862921818,-0.011809450828658252,0.0029706927578414533,0.008251549310564155,0.00920503193631994,-0.02223985143587448
0.020111466401181888,0.04030791414867929,0.029819791016910013,0.023130177571282218,0.029735321895909328,0.014419152320686246
-0.039651446559871295,-0.018496899370129327,-0.03401109011311276,-0.04135400813820911,-0.026970104203543177,-0.0720721167934274
0.011533138767930717,0.030549512402079593,0.011529875451044669,0.004929119875585863,0.010940085163190005,0.0
0.032760699593918474,0.007507206620228857,0.038469185530465966,0.049017436296400874,0.024591204307581105,0.0032362789820297166
-0.003827107031419197,-0.005158587255952085,0.00016959507643021787,-0.008495809452130132,-0.0024040379803964562,-0.02107525897282425
0.021573683319320303,0.04052238568692168,0.005806318490491957,-0.011650840681951768,0.022636512298898515,0.008787295851474974
0.024517243689154977,0.028608328319120968,0.05194592229283268,0.05875380815420628,0.034149839124277825,0.02504358823464914
0.0,-0.07751659304339675,-0.016159412365813197,-0.0026804231579068416,-0.010496815205299992,0.010834972159274203
-0.029789645006425114,-0.0031122320149192806,-0.03473596396794332,-0.02510410848499367,-0.03174903996766787,-0.01765447919843577
0.013023815878466127,0.010536603229801766,-0.002798243195581751,-0.028840586262198986,0.014737985875625803,-0.028669236295839284
-0.01802768500939822,0.01370919235222079,-0.025691186517258324,-0.004648035430358077,-0.013179217185338099,-0.012555058935390329
0.016164360995803317,-0.008190482003348265,-0.0026651697946213915,-0.07151804490085856,0.010707472428365339,-0.03145223298056243
0.018930432746441683,0.026886912504016536,0.044058999270150334,-0.0023628305675984507,0.012597348410524178,0.008521482316566908
0.009607238159132114,-0.010473187965333142,0.011647509609344464,-0.00866151569813245,0.012782900032497047,-0.00045673572380722227
0.02399949607133145,0.013230027687737511,0.03552100009641568,0.07225260555540736,0.00822659746704435,0.024902904756414213
0.004714637197412497,-0.007088249650977652,0.007229335100688905,0.00849852880937152,-0.0027570426646894575,0.008470821733059575
-0.014757877230874183,-0.030246113548696885,-0.03034076016559495,-0.011583079638223581,-0.011768638770777606,-0.009283863131298031
0.006833751132270249,-0.0379697622051286,-0.014357712322864424,0.0019477770074025624,-0.04098147970386723,0.026996856151527027
-0.0025366455206311533,-0.0056383161529846015,-0.02318256539286334,-0.0021033962160653674,-0.0037450110580655727,0.006083045870513448
0.0204824772494705,-0.007087936031746178,-0.006658472390971726,0.019066176909171118,0.005381452215030169,-0.006478148193941435
0.011450103955445545,0.047521963880581275,0.011907715546821684,0.02237617828945293,0.010390425734504882,0.030428202063717213
-0.020643210245224752,-0.00038941700790484646,-0.025335378898117544,0.009992885811426655,-0.009621382085378105,-0.01075718884569965
0.026721917998667744,0.029022237515355487,0.04285323380529005,0.048833035341818265,0.02076695685072516,0.03539445188495649
0.013509889312137924,0.02725721326518138,0.0006979078672422201,0.031454441973284064,0.010557508755298262,0.0212108474087358
0.015094177461599134,0.013819789822623996,0.0029642892443892954,0.011474249397739111,0.009799090372039299,0.01693890199643522
-0.008110780277571505,-0.0019992840682726554,-0.05806676157870372,-0.01808403887702692,-0.016915915451880648,-0.063652569205779
-0.0073982699509488326,-0.009652135872694867,-0.0013842887138612037,-0.00966042318594662,-0.005876474363873285,-0.008047459938409052
-0.0088263541788981,-0.015814648647659024,-0.0255983427271268,-0.013377074614258633,-0.026774303733336557,0.0023484331766272515
0.034234742570348864,0.04596410806113527,0.07738994540757349,0.04402882491136362,0.06685191244907629,0.03152288643634238
0.0035717382573059453,0.031082559712312774,0.008714770044605746,0.02447803062337517,0.028540647862066004,0.005988042818499739
0.03279306134837845,0.02061674638846256,0.01788989542955366,0.036650622076701334,0.015665086338766177,0.0077996150225154715
-0.00615346768692393,0.0049227790914700975,-0.009945096354465388,0.005475324755512823,-0.009724230831777425,0.00040734131130815143
-0.009287350944318873,-0.015033773280043516,0.0036369774570161884,-0.00764965277195262,-0.011474415774077928,-0.01323285271408492
0.038247675683253046,0.0296690019120589,0.02484898374030564,0.0345971678118302,0.02783637905758196,0.018980774618845064
-0.0019262464022948844,0.013990675212842252,0.0007577367251232481,0.0037127806629866367,0.004177408824589834,0.010528456452515211
-0.0027742082012610636,-0.04911303590683991,-0.005468171202659411,-0.004177160763977672,-0.002608814561247841,-0.05650169712373665
-0.0029029995077690662,-0.016237668623590773,-0.00067671993087981,-0.020366901898946965,-0.009154841837915262,0.010405641895923079
0.0003032877615012364,-0.018261648842753497,-0.005417296368333324,-0.0757325265844101,0.007063286304997751,-0.026691895941348243
0.026194563256017656,0.010194950749058185,0.026808523624501257,0.04518308246951186,0.024300446920924257,0.029583219418233497
-0.0044315763156265175,-0.020538241090895415,-0.006879418322068176,-0.00469949993252905,-0.007400797556145311,0.028942975236630364
0.021425606817361276,0.01970354588938794,0.02361877681741409,0.022669382178487574,0.01703719195740261,0.03281689259248166
0.006333505515595528,0.01542277848321394,0.0018752199321458995,0.008184666886875691,0.00534410448091216,-0.020919628910572974
-0.0009238620004263787,-0.01763265263717595,-0.003011028039205166,-0.0093411643148259,-0.0025897357905874108,-0.00745815213329315
0.00878462857992468,0.0072862954340982,-0.01787611136412337,-0.014813685513853647,-0.0047486733334577425,-0.021121057678236133
-0.0022916594000563784,-0.00441072686404298,0.004488039535380572,0.018475546518010866,-0.003947528036426617,0.010788391069144865
-0.015101864577650947,-0.029416973922288925,-0.022670841055207225,-0.026726327806665395,-0.013854014354419686,-0.021551786236647774
-0.023029365962279114,-0.019171064967769436,-0.02582122401657383,-0.03230147076325551,-0.029355212565627675,-0.033773796045646454
-0.0020290719210975805,-0.008562972612008113,-0.002607135244229175,0.007365270994915463,-0.004716462857223269,-0.004559333324112735
0.001793954789346408,0.019714665505975004,-0.0006099128419592148,0.0006069836206197277,-0.0023513018765153326,0.007851703867662208
0.014922700520600518,0.019701706274499076,0.026155188141406382,0.038740417660056536,0.01109538947671962,0.036788591140887617
-0.03769925135640162,-0.029794176490705926,-0.054375480564360035,-0.04655980167786733,-0.03858708814813738,-0.050511337437961434
-0.013690198638440787,-0.02940625404464059,-0.008625397012979041,-0.01614785876507374,-0.010668004739564751,-0.016047556166153054
-0.015305497248539135,-0.0011505536248400672,-0.003896979246442056,-0.01765801728494598,-0.00852094284964422,-0.03127787675783111
-0.010634965719336975,-0.0015358385644141936,-0.006914767636319152,-0.008670881023823629,-0.005704072681435246,-0.02536905611933382
0.004706815210650195,-0.051336247935233614,0.012826399508083952,-0.020399324184592782,-0.004092275669190681,-0.006388941168718243
-0.013611098150736467,-0.013781927504516123,-0.016915447263321393,-0.005517443660480015,-0.016666652993916342,-0.008097169302144769
-0.008215126110989845,0.010891877948188355,-0.011041561877738082,-0.01392994311031881,-0.010973981041106362,-0.01632653734125955
0.00925391798269981,0.022158979122151257,0.02791216883420833,0.021900965109908244,0.019111535391473256,0.011715878153153891
-0.009617850316921195,0.011535438447415114,-0.009594543408581013,0.039281240678371576,0.0016660571191542406,0.023160411744334475
0.01883975318420772,0.015926023375408604,0.021568274994007153,0.02158995462391,0.02297695611108863,0.032775274573203284
0.038507960517385253,0.01025745331480743,0.0008051884797641851,-0.003345727722156022,0.008281034985128333,-0.012100428961844045
-0.05867953721882391,-0.04674334110620515,-0.05863953720327153,-0.046969000161095065,-0.054978393920426805,-0.09128728267047492
0.009555390377639084,-0.021302202458777897,0.005317683040270582,0.017406342618495607,0.0009127176575474127,-0.02517797231569785
-0.018929898188280392,-0.01745384549285689,-0.018607737504443667,-0.026687055742545374,-0.027119167016042223,-0.01461000121417444
-0.010960151095764759,-0.01650986679252109,-0.0025986936332593746,-0.005424432806868329,-0.0026081969879904188,-0.014561801175395406
0.025082938658552933,0.0006374581050034855,0.002122949209051317,-0.0035168023129801274,-0.0008989180998824065,-0.016120426360561657
0.01566544689199456,-0.01805050905429617,-0.019451099400543348,-0.013309442577529085,-0.008465594994478298,-0.029492027522072806
-0.02026764053209118,0.0019463700112667404,-0.017872922145712677,-0.021339826235737602,-0.014435966360301422,-0.02138441521250567
-0.006375199842290069,-0.007770356057060557,0.005599415524768503,-0.030322673826189472,0.008495496150755733,-0.02760204480064865
-0.015123823060790742,-0.005655908838944623,-0.013920667496541306,-0.017472134323740396,-0.012698139317976809,0.0005913795962195767
0.0022602646628622214,-0.00481289456163192,-0.0036301363012860577,-0.013101426200689548,-0.0019754590800281635,-0.04255315071559951
0.0065662280713738586,0.00747417322582411,-0.007286724405353495,0.015844772021422315,-0.004379841227622805,0.009876533325735348
-0.012651543479456517,0.007418641158775552,0.027016022273570472,0.023704512104705477,0.019711533310450502,0.013141818127552662
-0.049119065604851575,-0.026424029768024715,-0.026305356184963324,-0.015775003794275766,-0.014809006577982897,-0.02926097062004307
-0.030039296095161427,-0.016240256503804118,-0.019777702971147226,-0.02600491388907855,-0.01936844675164473,0.011497791434925908
0.030752533240588242,0.03324281694767639,0.03276132580227853,0.045930653511593755,0.03366256677603996,0.046082950388893984
0.02562309044204225,0.04836951117520982,0.031319239826513856,0.033993649281651495,0.033812408423657514,0.07077826435863854
0.0020533044519943644,0.012317330559355577,-0.0018553113427585144,0.005377430419802431,0.0012857282993881114,0.019473370880445984
-0.0066256916744750205,0.005568088961034334,0.00019562358469582541,-0.004740913589017515,-0.009670961844393311,-0.002959289778663443
-0.03671867294799025,-0.020508614323688,-0.026115006110455585,-0.040703493144098046,-0.050852903822636186,-0.03561790733703363
0.0023556416566585803,-0.05025121012409184,-0.008637145857059436,-0.04717343758423875,-0.021302960109901847,-0.03021829267863141
-0.01025496695758199,-0.01851852163326906,-0.006686212529999569,-0.06153532149230079,-0.016750256653830453,0.004616267977971544
-0.004604974883602009,0.00628928069222523,0.002549719451492738,-0.02175001985293723,0.0015083462684304383,-0.015508354975879324
0.0336129050048255,0.016517894889931828,0.014343804567050089,0.013573054180944899,0.03760799775487955,0.02392064539160521
-0.03224001981433555,-0.035353548045332084,-0.02537357138227936,-0.05327779091920748,-0.024248667184803674,-0.03931616277520433
0.02912269574429982,0.0323241101543541,0.037044643577031966,-0.0018202918623729802,0.03924571804566801,0.005041463902466736
0.009409425626236034,0.014994494554698257,0.006052794381228743,0.021047065265670017,0.004083699851337164,-0.008261988325157676
0.0007652216372282528,-0.013686666741805853,-0.010849181188903323,0.011906465148009637,-0.008469619591031208,-0.007438262286820763
-0.003267073673773546,-0.01057276081059122,0.0023930388032569194,0.018568975103755436,-0.0013954746152604613,0.0032973803458933304
0.027059103837980825,0.018699915111942467,0.009449961097904191,0.04916788071561462,0.025280547850956347,0.04152970836429626
0.014802693097965003,0.014860147074257979,0.014682674561300457,0.016378246174356015,0.021187861334333702,0.0017211003311323747
0.019337567404898115,0.020671897664910732,0.019034661175458822,0.03209309725663112,0.01379172360812686,0.010595726402731653
-0.019627086164182295,-0.006118162577885444,-0.09634995312063177,0.005018528565622793,-0.07715629161148907,-0.00028342691898508576
-0.03046536903791064,0.009127580123216905,-0.023412795062730862,0.008191938040550406,-0.019756212949679774,-0.0266439529261151
0.07555250145606562,0.030290252397505935,0.042980598515300006,0.04075619497147054,0.04022048563257985,0.03377984397954914
-0.015410357458724877,0.0014291485397801562,-0.01987987298140581,-0.015707582559778333,-0.015856150895822374,-0.031831016003246004
-0.0175427318745901,-0.009582006387693132,-0.0439467938006699,0.014947006750802405,-0.017059434931155693,0.03869659215557486
-0.03730498071609045,-0.03128860437366254,-0.03790055585829588,-0.027274361566131944,-0.03536833120125804,-0.03137251842995614
-0.04240497792352105,-0.03251174138006929,-0.041116364345956224,0.006465619764590036,-0.026578854799142015,-0.02515912956952826
-0.003600230288167805,-0.0008784779684261057,0.03844770830765154,0.04321968016910649,0.033325551410261056,0.05132007087574175
0.003902249364639898,0.02264231130561667,0.022491403071223104,0.027863349944975635,0.029269595489425093,0.03329572096220357
0.004175078021159573,0.0008598648996931413,0.0029329061675713586,0.014710654143450963,0.004388467202475432,-0.0027307066367504573
-0.03318999915994625,-0.041451895366199865,-0.01698348975407793,-0.013474456502929777,-0.01905011885948238,-0.05941954973829322
0.08897457132383879,0.07438941553591194,0.07745991447221923,0.09104649202001291,0.08226805787098601,0.0989811259654183
0.019268754171310798,0.017309655957272296,0.02718493403170208,0.03247791298052438,0.016997304121461942,0.052980132450331174
-0.009485625904429806,-0.0012299622815737932,-0.007236685137430476,-0.006049256580992535,-0.022500091234109454,-0.0037736232925511537
0.011869399253607638,0.02770932759228728,0.028012105337922755,0.02021641146522901,0.0017387628384972764,-0.003535338258660037
-0.00833111207633952,-0.018773689483488343,0.0027349740653141996,-0.039242575137517055,-0.000991881191690136,-0.07704006553622988
0.01297135574741759,-0.030531242975556983,-0.004949973475541158,0.01503692188523531,-0.00020685497307570966,0.0030203354168578667
0.003781794458686649,-0.011337411367156824,-0.007106568002458791,0.0009308920785295882,-0.001903307965153811,0.009033721381937587
-0.02168020969565021,-0.02739437059561045,-0.020143161137332055,-0.011239865620156664,0.003440849957940584,-0.024688004133037067
0.014661159715434469,0.01113541800712059,0.0156527180563395,0.027061911049510723,0.01231148808084015,0.007788561150338547
0.0059263196953200925,0.020297961538198628,0.015308721213792564,0.009027192090502956,0.01040690145884815,0.021253118064934462
-0.01959360938875554,0.0010581849113342479,-0.012345691403265802,-0.01454766433655863,-0.0003635040682811175,0.009189193313186239
-0.02626425881856731,-0.014376328036872055,-0.013831951795358344,-0.013394022643654968,-0.02315249448118173,-0.032940533937064864
-0.021148266717113118,0.0040755565370960145,-0.00841555905032465,-0.0016003150327705828,-0.005914926821115607,-0.0022155034534049323
0.04859389884061516,0.04828024471758985,0.06297144125206477,0.05027651537231437,0.06162359025405717,0.019983381767885167
0.0018915002472865705,0.025066222740695476,-0.0016756843179802638,-0.006155368047121024,-0.0017637255989600975,-0.024761900609853282
-0.0033713168918532155,-0.008349864320392753,-0.0044430978837469715,-0.0029944293881621897,0.0012956999799418334,-0.010881679352344409
-0.00798317228381984,-0.03448278235508295,-0.009520966647220575,-0.0025413036260892863,-0.01890050679737698,-0.018617766804171487
-0.025369986338581674,-0.014534899608747986,-0.025633374562772704,-0.013717005917537106,-0.020303764560419157,-0.025869545909589786
-0.013784907775671984,0.010535187729566964,-0.022197061832359366,0.012655271441139426,-0.0030597259095139773,0.0073768074506475045
0.012132761639400691,0.0022935907516974385,-0.012611713698295057,0.020175776659356437,0.012399225927241408,0.03192736297817245
-0.0034349124103753015,-0.012065696277087201,-0.009366655476346297,-0.006339689029342677,-0.008003216557747828,0.01362473881559012
0.01638999557563814,0.0004210705908538337,0.00526483147497836,0.019064080552566587,0.02888923637351648,0.01400168056059714
0.006782446468835079,0.026520778378124943,0.024476282335227584,0.020253909962374195,0.017464730176369514,0.0024855055195647235
-0.015535811424151502,-0.015583394076214008,-0.0056338124582562266,-0.006894377753794978,0.0011676310808426127,-0.012947587214437561
-0.04685431463789913,-0.04374085706183439,-0.04312245006432669,-0.0528297971652707,-0.03191822826725954,-0.10103272569315058
-0.014578794821714758,-0.020474812237708417,-0.0037280301454788445,0.002053303560550779,-0.017348669373634662,-0.008382445144035966
-0.01590959391154889,-0.020458126721576098,-0.018820152685293245,-0.00487628998585099,-0.017328070010458996,-0.011897340693843739
-0.0005287608069164396,0.012031841161718626,0.005384135943056867,0.0058645675299049405,0.005614498318360139,0.016476627817229916
0.023809477126406797,0.019066811108315873,0.006917357643435373,0.028167176320997633,0.010876714602275905,-0.02182053087074498
-0.02377261936693542,-0.007043796889161791,-0.022049837825701135,-0.05779019291881127,-0.025528742058475218,-0.023581892635719415
-0.0027981178941416385,-0.01152738751336535,0.017561697086420303,0.009469061086337494,0.0022670694848565542,-0.0016318289182942758
-0.01387836965405731,-0.015698604183539744,-0.020933050935575626,-0.016667130291672994,-0.007414187765880764,0.018960442001076272
-0.03068521034551308,-0.00091139020468467,-0.016717857563985472,-0.009000259452862869,-0.010254928535280539,-0.03079887678766513
0.02832433885189234,0.044241790397123504,0.028799420427205513,0.032901825279069596,0.027629709466877372,0.045018227460012605
0.00246888406699175,-0.006988418615988867,-0.002473227643128517,-0.007450078137728688,-0.004937501388903698,-0.0006335273347167769
